Date,0
2016-09-15,0.0
2016-09-16,0.0
2016-09-19,0.0
2016-09-20,0.0
2016-09-21,0.0
2016-09-22,0.0
2016-09-23,-0.001
2016-09-26,-0.005739995642531012
2016-09-27,-0.003066901387664009
2016-09-28,0.00511450000829905
2016-09-29,-0.004080672095746918
2016-09-30,0.0014020179970778575
2016-10-03,0.008088151190416212
2016-10-04,0.013122142420557939
2016-10-05,-0.005212599471075899
2016-10-06,0.0005645110317184648
2016-10-07,0.00015180748471803514
2016-10-10,-0.003644566742668595
2016-10-11,0.003764355647081316
2016-10-12,0.005467053349145823
2016-10-13,0.004121504047441327
2016-10-14,-0.00708040901576183
2016-10-17,-0.0036295324865393136
2016-10-18,0.02244532359138912
2016-10-19,-0.006232609111205448
2016-10-20,0.009609783654679183
2016-10-21,0.004564743909206694
2016-10-24,-0.005099314033282787
2016-10-25,0.0012389844027074215
2016-10-26,-0.008122773853558876
2016-10-27,0.010337627961196458
2016-10-28,-0.007307734278792026
2016-10-31,0.00175146237284865
2016-11-01,-0.004562759436292377
2016-11-02,0.008220189540005543
2016-11-03,0.0034859649858811487
2016-11-04,0.00315515150055941
2016-11-07,0.0059186335557861736
2016-11-08,-0.0008139699448625193
2016-11-09,0.01969648724031771
2016-11-10,0.008065853383621396
2016-11-11,-0.010285552481647474
2016-11-14,-0.03855074793536431
2016-11-15,0.009891532182890003
2016-11-16,0.023301990223736982
2016-11-17,-0.0022238927117521623
2016-11-18,-0.004348652141949015
2016-11-21,0.00581480005170712
2016-11-22,-0.012164916453703725
2016-11-23,-0.00043535988743750864
2016-11-25,0.0017080155260422308
2016-11-28,-0.0013950281985274635
2016-11-29,0.016609828452805092
2016-11-30,-0.029309541023078103
2016-12-01,-0.011220048080071585
2016-12-02,0.003092711485175925
2016-12-05,0.0012825832960700208
2016-12-06,-0.00978827338516701
2016-12-07,0.003829894138640433
2016-12-08,-0.006954555967588719
2016-12-09,-0.00583188287175275
2016-12-12,-0.0019097905382954015
2016-12-13,-0.0031964153764114933
2016-12-14,-0.0036879484526294165
2016-12-15,-0.0016503335957772092
2016-12-16,0.009209664372286722
2016-12-19,-0.003318129672040883
2016-12-20,0.004994887728242359
2016-12-21,0.0026105306368441467
2016-12-22,-0.007712276895581557
2016-12-23,-0.007401334578406499
2016-12-27,-0.013436048216478742
2016-12-28,0.007911473657350121
2016-12-29,0.00017633021936304394
2016-12-30,0.006203057574641194
2017-01-03,0.0040258083963964075
2017-01-04,-0.0025283292376876835
2017-01-05,-0.006394772924705014
2017-01-06,0.0006771581315573455
2017-01-09,0.0041810694444052166
2017-01-10,0.005109701275180276
2017-01-11,-0.0024770899367221448
2017-01-12,-0.0032343808531746093
2017-01-13,-0.006477509593078107
2017-01-17,0.005116049101468831
2017-01-18,-0.005778310006529341
2017-01-19,-0.01083952638222986
2017-01-20,-0.011594425239178224
2017-01-23,-0.0022424669126443336
2017-01-24,-0.005843602396864378
2017-01-25,0.005989796019069446
2017-01-26,0.004556639073078879
2017-01-27,-0.008937453373546442
2017-01-30,0.007569108122783441
2017-01-31,0.009477559635071825
2017-02-01,-0.007166910423670209
2017-02-02,0.0012317626460490185
2017-02-03,0.009907448876250738
2017-02-06,-0.009731228531805372
2017-02-07,-0.004447935001478928
2017-02-08,-0.005481991616528015
2017-02-09,0.0010201879984128594
2017-02-10,0.007629750783919836
2017-02-13,0.0059836249817002
2017-02-14,0.0014783457432190061
2017-02-15,0.005312074814001269
2017-02-16,0.004635172722550167
2017-02-17,-0.002881335644860719
2017-02-21,0.0018029427312137997
2017-02-22,0.0014954450383042467
2017-02-23,0.001657018337754626
2017-02-24,0.007052093871824152
2017-02-27,0.009611987695907237
2017-02-28,-0.0050002306240217315
2017-03-01,0.017600782514503574
2017-03-02,-0.014895517422006344
2017-03-03,0.0025178475826105064
2017-03-06,0.003098698346922474
2017-03-07,0.0016810006642431485
2017-03-08,-0.004575436458322604
2017-03-09,-0.004481634991491429
2017-03-10,-0.0034387034477516274
2017-03-13,-0.0040922085922952545
2017-03-14,-0.0014270550490078082
2017-03-15,0.0005363812096127879
2017-03-16,0.0036458802279924207
2017-03-17,-0.002620665410851221
2017-03-20,-0.0037550872173932187
2017-03-21,-0.0039980974648198275
2017-03-22,-0.011114898344288665
2017-03-23,0.0011054482366523594
2017-03-24,-0.009925658800646593
2017-03-27,-0.006944518712227968
2017-03-28,0.009224227872961704
2017-03-29,-4.8641704471844016e-05
2017-03-30,0.0164496055325081
2017-03-31,-0.011042073058727312
2017-04-03,-0.008758501715276201
2017-04-04,-0.003928897251532906
2017-04-05,0.005014273639747074
2017-04-06,-0.0036215225204890567
2017-04-07,-0.00443691475224854
2017-04-10,-0.011613207240215459
2017-04-11,-0.001655233503896153
2017-04-12,-0.004244551154233139
2017-04-13,-0.0074199533335909534
2017-04-17,0.012979038619347572
2017-04-18,-0.0015327108681654905
2017-04-19,0.0005475615036957399
2017-04-20,0.012301650877384343
2017-04-21,-0.0064550134106053925
2017-04-24,0.013678367115405406
2017-04-25,-0.0029747402451749533
2017-04-26,-0.007090368952722609
2017-04-27,-0.006642428997877717
2017-04-28,0.005743661669462052
2017-05-01,-0.008976721397047928
2017-05-02,0.00048555845003028786
2017-05-03,0.001671739675737291
2017-05-04,0.0035966251092605234
2017-05-05,-0.0010891077228682156
2017-05-08,-0.003970962475057347
2017-05-09,0.0015891795425554828
2017-05-10,0.003705103068562504
2017-05-11,0.002744290482001699
2017-05-12,-0.0022392276235484593
2017-05-15,-0.0009801599481973054
2017-05-16,-0.002036131301139582
2017-05-17,0.009655925661777462
2017-05-18,-0.019849467471478102
2017-05-19,0.0014573787509978842
2017-05-22,-0.005175565076401904
2017-05-23,0.006604577333671924
2017-05-24,0.004861010799027246
2017-05-25,0.00765403669735297
2017-05-26,0.0034172558784303225
2017-05-30,-0.004116803299882855
2017-05-31,0.004366323555477267
2017-06-01,0.00855737137308786
2017-06-02,-0.008092179843645658
2017-06-05,-0.01127039226188506
2017-06-06,-0.0024326382876471834
2017-06-07,-0.004139901063311371
2017-06-08,-0.011620175284896117
2017-06-09,0.03588675081771715
2017-06-12,0.007327199892239691
2017-06-13,-0.008512401654314784
2017-06-14,0.0008783004449490345
2017-06-15,-0.0007889933510399072
2017-06-16,-0.0024413341061977345
2017-06-19,0.005983122129144633
2017-06-20,0.0012748703492555958
2017-06-21,-0.00807418471790182
2017-06-22,-0.004193483315886731
2017-06-23,0.0046726438053695946
2017-06-26,0.007223374230213769
2017-06-27,0.010065714575089953
2017-06-28,0.003269334115342498
2017-06-29,0.01174711754502486
2017-06-30,0.0032581579612857153
2017-07-03,0.020583868623569354
2017-07-05,0.002890035596366027
2017-07-06,-0.0044969257619317665
2017-07-07,0.016817767974283943
2017-07-10,0.01588485300913016
2017-07-11,0.011759710080501501
2017-07-12,0.02005456134341395
2017-07-13,0.004464642118446979
2017-07-14,-0.006723519895628416
2017-07-17,-0.005177033747470874
2017-07-18,-0.022973115047553325
2017-07-19,-0.0007218292497608572
2017-07-20,-0.013794571849405968
2017-07-21,-0.005658148353017478
2017-07-24,0.004181098762931393
2017-07-25,0.026119600653715505
2017-07-26,-0.011997629432761848
2017-07-27,-0.0078413909506177
2017-07-28,0.0003782428569285984
2017-07-31,0.006289377693490472
2017-08-01,0.0037150158212477663
2017-08-02,-0.005937225751205087
2017-08-03,0.007842444871866416
2017-08-04,0.0030982433264817033
2017-08-07,-0.0025477351739134207
2017-08-08,0.0007601346928508834
2017-08-09,-0.0019851481388559592
2017-08-10,0.005381480565138513
2017-08-11,0.011040583941330104
2017-08-14,-0.009813553143197457
2017-08-15,0.0024415242062324344
2017-08-16,0.006908461863490508
2017-08-17,3.965547458383012e-05
2017-08-18,0.0040780843572375824
2017-08-21,-0.006949339281895436
2017-08-22,0.006538422323398102
2017-08-23,0.0013687397852089208
2017-08-24,-0.00146776814871874
2017-08-25,-0.005665977842294223
2017-08-28,-0.00253111336043009
2017-08-29,-0.003917251927804621
2017-08-30,0.0021422668150517955
2017-08-31,-0.007227602778956732
2017-09-01,-0.0008276012320156401
2017-09-05,-0.0010782375168930103
2017-09-06,-0.0002177616339349847
2017-09-07,-0.011803190669857728
2017-09-08,-0.007624881875729406
2017-09-11,0.011106947041706838
2017-09-12,-0.0011544708898734019
2017-09-13,0.0016166737023367433
2017-09-14,0.00312668188871318
2017-09-15,0.012350095821347204
2017-09-18,-2.0537624146360622e-05
2017-09-19,-0.004368660316900461
2017-09-20,-0.0015474976447188288
2017-09-21,-0.002590574842188108
2017-09-22,-0.005991354912685626
2017-09-25,0.000616297287102191
2017-09-26,0.002957663089858717
2017-09-27,-0.009525605984237365
2017-09-28,0.006454267039220392
2017-09-29,0.002737074424550387
2017-10-02,-0.0031190327463547773
2017-10-03,0.0029161705105839597
2017-10-04,0.005452608280974519
2017-10-05,-0.00906180893788165
2017-10-06,-0.005079070839048211
2017-10-09,0.005190100085908381
2017-10-10,0.004714616788059678
2017-10-11,0.003076006393228581
2017-10-12,0.0010854027183009889
2017-10-13,-0.0030004348770248657
2017-10-16,0.001348317776076094
2017-10-17,0.005041223164861247
2017-10-18,0.00455591792111984
2017-10-19,-0.01613702244537403
2017-10-20,-0.0019282626747009618
2017-10-23,0.005064221511409672
2017-10-24,0.008887779849177171
2017-10-25,-0.0015147554194445273
2017-10-26,-0.0033023207431706596
2017-10-27,0.016930081072327297
2017-10-30,0.003267650120095847
2017-10-31,0.010615818638375782
2017-11-01,-0.00615299187131918
2017-11-02,-0.029829272781621397
2017-11-03,0.0007923635451551336
2017-11-06,-0.009263861842423698
2017-11-07,-0.001031756149879895
2017-11-08,0.001377006504296549
2017-11-09,0.0021566140325859503
2017-11-10,-0.0015198882109632716
2017-11-13,0.0008213679258917972
2017-11-14,0.003447042929344779
2017-11-15,0.009321487279506324
2017-11-16,-0.001513557577885417
2017-11-17,-0.0021838102759509093
2017-11-20,-0.0019049717681815376
2017-11-21,-0.00566898620191536
2017-11-22,0.008934227818853169
2017-11-24,-0.002284074835686377
2017-11-27,-0.004925139205790921
2017-11-28,0.0031839671989563334
2017-11-29,0.011329289339565951
2017-11-30,-0.0014953547798307182
2017-12-01,0.0018174695232742889
2017-12-04,-0.03533286150824479
2017-12-05,0.013215043735659932
2017-12-06,0.02358411892187809
2017-12-07,0.0005345939760289381
2017-12-08,-0.010687659429574154
2017-12-11,0.009761381816681458
2017-12-12,-0.00925984410101341
2017-12-13,-0.0005691665186936951
2017-12-14,-0.003823871912796442
2017-12-15,0.008682069035429106
2017-12-18,0.010647439215772214
2017-12-19,-0.0033226096261780025
2017-12-20,-5.897985809341644e-06
2017-12-21,0.0011118360985642173
2017-12-22,0.005018845877468288
2017-12-26,-0.004687618404462038
2017-12-27,-0.0011972828872225533
2017-12-28,-0.0004249925708117719
2017-12-29,0.0033287142964809474
2018-01-02,0.0008768830019866849
2018-01-03,-0.0032614891614544117
2018-01-04,-0.0026842315813889878
2018-01-05,-0.005503803233865373
2018-01-08,0.0005340592701375685
2018-01-09,-3.5224547497671264e-05
2018-01-10,-0.005121916125059009
2018-01-11,-0.0034350581617965253
2018-01-12,0.004047020666132994
2018-01-16,0.010798724727230757
2018-01-17,-0.0002916749389954552
2018-01-18,0.0022604335419325605
2018-01-19,-0.001984975105829609
2018-01-22,-0.0024484287706155183
2018-01-23,-0.007925518888783567
2018-01-24,-0.013376754539437303
2018-01-25,-0.0037680410749234977
2018-01-26,-0.024290964312825708
2018-01-29,-0.011180552536882368
2018-01-30,0.00669000534749746
2018-01-31,0.006064548861835607
2018-02-01,0.0034121212396123757
2018-02-02,-0.01983342381225635
2018-02-05,0.005021931899686263
2018-02-06,0.0012003656869518375
2018-02-07,-0.015203213850048357
2018-02-08,0.007702036245155863
2018-02-09,0.006241076921292776
2018-02-12,-0.015531560197385233
2018-02-13,0.0018961776026890503
2018-02-14,-0.008464288245091529
2018-02-15,-0.011539904253589348
2018-02-16,-0.0023700637515377543
2018-02-20,-0.0018235126292012044
2018-02-21,-0.0013807238748340667
2018-02-22,0.014952363553781213
2018-02-23,-0.00938611523477731
2018-02-26,-0.004141846708297189
2018-02-27,0.002351717884662638
2018-02-28,-0.01355634069625937
2018-03-01,0.007104430629989209
2018-03-02,-0.0130605917858347
2018-03-05,0.0006975827015534009
2018-03-06,0.0001697162530057278
2018-03-07,-0.008978811961468741
2018-03-08,0.009099904388079188
2018-03-09,-0.008400315812336981
2018-03-12,0.004055682583173431
2018-03-13,-0.0029724935103276617
2018-03-14,-0.015579249727794939
2018-03-15,0.002870689392244442
2018-03-16,0.006549462761077637
2018-03-19,0.003461945250668952
2018-03-20,-0.009977614439051402
2018-03-21,0.0079296320114665
2018-03-22,0.005337725824795943
2018-03-23,-0.015083811703755348
2018-03-26,-0.010921896688007346
2018-03-27,-0.008538981802243745
2018-03-28,0.006987728920730782
2018-03-29,-0.0006987303812057133
2018-04-02,-0.012939882594837387
2018-04-03,0.0001345604968182451
2018-04-04,0.006930961503129912
2018-04-05,0.01035090279964826
2018-04-06,-0.010854216408138854
2018-04-09,0.00886176402457764
2018-04-10,-0.010079873085076296
2018-04-11,0.0031886204067716056
2018-04-12,0.00402926073223385
2018-04-13,0.00290759986177712
2018-04-16,-0.004673145979438353
2018-04-17,-0.021580241404396835
2018-04-18,0.014394994912640263
2018-04-19,0.012002344166750403
2018-04-20,0.0008385865662164245
2018-04-23,-0.0024350926586052257
2018-04-24,0.015904532013150147
2018-04-25,0.0059190952865453145
2018-04-26,-0.006566072022783892
2018-04-27,-0.0017163913974410343
2018-04-30,0.01083020941580512
2018-05-01,-0.00636347551076992
2018-05-02,0.004341964024901265
2018-05-03,-0.0025475332566312625
2018-05-04,0.008770718020080727
2018-05-07,-0.008479331732786907
2018-05-08,-0.009626850626758124
2018-05-09,-0.0026081211711726643
2018-05-10,-0.0009860613403763485
2018-05-11,0.006735374254972116
2018-05-14,0.0017763190425400255
2018-05-15,0.011257968139798818
2018-05-16,-0.004654131126414676
2018-05-17,4.4716188960375325e-06
2018-05-18,0.0036968479602132055
2018-05-21,-0.002314452288715574
2018-05-22,-0.002252390476705793
2018-05-23,0.022631907365657497
2018-05-24,0.001739338417463876
2018-05-25,0.002748167410877163
2018-05-29,-0.0038355216565572475
2018-05-30,0.01160299033126419
2018-05-31,-0.003928387757269294
2018-06-01,-0.005819690822473425
2018-06-04,-0.00946212719868361
2018-06-05,-0.004295834807839238
2018-06-06,0.00333284421165414
2018-06-07,0.016173823888345526
2018-06-08,0.005322638844492009
2018-06-11,-0.006233312237073544
2018-06-12,0.0005031477229506393
2018-06-13,0.00776132924844361
2018-06-14,0.007085218432209717
2018-06-15,-0.012880966573587255
2018-06-18,0.0030330372299376975
2018-06-19,-0.010391031813711302
2018-06-20,-0.01869698703611107
2018-06-21,-0.0021849377397360065
2018-06-22,0.016712885150914902
2018-06-25,0.0016506960155514847
2018-06-26,-0.009126735633171026
2018-06-27,-0.012285283607061825
2018-06-28,0.012980842406583856
2018-06-29,-0.006607458292512899
2018-07-02,0.00628009021694935
2018-07-03,-0.007814816413161771
2018-07-05,0.022600611840521798
2018-07-06,0.004100491943760262
2018-07-09,0.003152676012854752
2018-07-10,-0.008454142091967208
2018-07-11,-0.001081716971476382
2018-07-12,-0.012200046314960897
2018-07-13,0.003604829155302136
2018-07-16,0.00010014306147128338
2018-07-17,0.008826263718905604
2018-07-18,-0.003393004242884967
2018-07-19,-0.003915676989928368
2018-07-20,-0.009110481785977523
2018-07-23,-0.006786187317115458
2018-07-24,0.002243120461798643
2018-07-25,0.0040725491127924646
2018-07-26,0.03145375081546209
2018-07-27,-0.008770741676144042
2018-07-30,0.00089175926950541
2018-07-31,0.014173020756102552
2018-08-01,0.00656266787981781
2018-08-02,0.03820130305035628
2018-08-03,-0.006449861064184284
2018-08-06,0.0048522237851789385
2018-08-07,0.013639496193639218
2018-08-08,-0.003308455028198695
2018-08-09,0.0010316393153955716
2018-08-10,-0.005777237750673472
2018-08-13,-0.011483258612279848
2018-08-14,0.006413256853603737
2018-08-15,0.004732815612772404
2018-08-16,0.0064790903288321905
2018-08-17,0.02210514572563685
2018-08-20,-0.006369577087475348
2018-08-21,0.0007256480404905106
2018-08-22,0.01179494872567724
2018-08-23,0.0005307042342442142
2018-08-24,0.01622055917517043
2018-08-27,0.005816395940748051
2018-08-28,-0.007302667219492407
2018-08-29,-0.008346548808586943
2018-08-30,0.0075034231774313565
2018-08-31,-0.004266725762879328
2018-09-04,-0.0030435311836534
2018-09-05,0.03361456753793958
2018-09-06,-0.0012726981946898502
2018-09-07,-0.00796488238540595
2018-09-10,-0.0017389965419598308
2018-09-11,-0.013782892537189326
2018-09-12,0.006611296787863653
2018-09-13,0.0020383835458099298
2018-09-14,0.005786788178086061
2018-09-17,-0.005778304189674732
2018-09-18,-0.008370504123905179
2018-09-19,0.012868698446151296
2018-09-20,0.007100691356861449
2018-09-21,-0.008798804441631183
2018-09-24,0.0016475522807915532
2018-09-25,0.008703080012385789
2018-09-26,-0.00414391959329048
2018-09-27,-0.0010803473173890826
2018-09-28,0.02731444475140095
2018-10-01,-0.009939317365756262
2018-10-02,0.006301107833873568
2018-10-03,-0.008358384270608766
2018-10-04,0.008063784931583953
2018-10-05,0.001296487546890046
2018-10-08,0.0015625564853230939
2018-10-09,-0.006968211429020613
2018-10-10,0.010260989643790743
2018-10-11,0.020223836525780775
2018-10-12,0.03661220050677204
2018-10-15,-0.016056281785267176
2018-10-16,0.03397235222471419
2018-10-17,-0.006452355207320194
2018-10-18,0.015004604387135217
2018-10-19,-0.0010511352080377068
2018-10-22,-0.0007447950626473382
2018-10-23,-0.029003583243073325
2018-10-24,-0.007356079975574024
2018-10-25,0.0094063702518032
2018-10-26,-0.012147590081570875
2018-10-29,-0.021134905114906982
2018-10-30,0.020259469225486937
2018-10-31,0.009495974931123252
2018-11-01,0.01197151258520679
2018-11-02,-0.016418128602856907
2018-11-05,-0.0104717112732894
2018-11-06,0.004168235586171423
2018-11-07,0.015056648423771775
2018-11-08,-0.01080007330224056
2018-11-09,0.003679491133783755
2018-11-12,-0.0022229239704126547
2018-11-13,0.0068314339586613565
2018-11-14,-0.0033566459647334777
2018-11-15,0.001906856443449012
2018-11-16,-0.04087747351969488
2018-11-19,-0.03678524748321789
2018-11-20,0.004167741096861119
2018-11-21,0.01002094819136354
2018-11-23,0.005076447731191758
2018-11-26,0.006210209842410164
2018-11-27,0.0018573482371937178
2018-11-28,0.0320142207426975
2018-11-29,0.0012335027782385977
2018-11-30,-0.0024463329777067444
2018-12-03,-0.013317168669056578
2018-12-04,0.02539166122521945
2018-12-06,-0.010125129288169693
2018-12-07,0.016073394553342724
2018-12-10,-0.02513187455349028
2018-12-11,-0.012469919334090446
2018-12-12,-0.007681671267815562
2018-12-13,0.000971343741199962
2018-12-14,0.009123812970719347
2018-12-17,0.01422821134119609
2018-12-18,0.002044751313258486
2018-12-19,0.0021939675086339733
2018-12-20,0.0033072838791337877
2018-12-21,-0.01045165704382711
2018-12-24,-0.00704673856822724
2018-12-26,0.011000846034882883
2018-12-27,-0.0002564562534939502
2018-12-28,-0.0014253044630584272
2018-12-31,-0.0007020205118943149
2019-01-02,0.018000484481853943
2019-01-03,0.01255936256772959
2019-01-04,0.006592358049468228
2019-01-07,-0.005134882229673801
2019-01-08,-0.002054162924173582
2019-01-09,-0.011463771983340407
2019-01-10,-0.007490647994405422
2019-01-11,-0.006087091906133296
2019-01-14,-0.010330335091119941
2019-01-15,-0.006105956475991657
2019-01-16,-0.011094856384027171
2019-01-17,-0.00459584464669778
2019-01-18,-0.001316363161813841
2019-01-22,0.011092458792374998
2019-01-23,0.0078098268111452
2019-01-24,0.016725735447352008
2019-01-25,0.020165327885477285
2019-01-28,-0.013393200466472646
2019-01-29,-0.007955208730884455
2019-01-30,0.009202393379681388
2019-01-31,-0.006264135350720276
2019-02-01,0.002012789543600277
2019-02-04,-0.00127991213242179
2019-02-05,-0.0007183806760947542
2019-02-06,-0.005598525489030738
2019-02-07,0.013200819369707711
2019-02-08,-0.009420596191747288
2019-02-11,-0.007308068601472706
2019-02-12,0.005036100366989524
2019-02-13,0.0030720855732837295
2019-02-14,-0.0005566651270045714
2019-02-15,0.005803299429332651
2019-02-19,-0.0009340987139557777
2019-02-20,0.0017124807809129755
2019-02-21,-0.013366598975854236
2019-02-22,0.0005496881939834886
2019-02-25,0.005540681219248195
2019-02-26,0.0070730540093193045
2019-02-27,0.0052573032120396684
2019-02-28,0.006523830926694925
2019-03-01,0.01746312574419477
2019-03-04,0.007627080077663412
2019-03-05,0.01260449263336852
2019-03-06,0.005392843748103074
2019-03-07,-0.009196869903327435
2019-03-08,0.006130274293934632
2019-03-11,-0.00322398284949571
2019-03-12,-0.015513498919980634
2019-03-13,0.00857507908751659
2019-03-14,0.007851408345652735
2019-03-15,0.012657482696703096
2019-03-18,0.002176869981749166
2019-03-19,-0.007894836628322008
2019-03-20,-0.0020407780564266204
2019-03-21,-0.014448615222558732
2019-03-22,0.002793794583897849
2019-03-25,-0.0027163101452742228
2019-03-26,0.012981371013736864
2019-03-27,0.0034032785280695005
2019-03-28,0.00048718821765407613
2019-03-29,0.001959129745573912
2019-04-01,0.018590840646910273
2019-04-02,0.005612558414474403
2019-04-03,0.0012367449134273734
2019-04-04,0.0009071766475743665
2019-04-05,-0.0017928620848117194
2019-04-08,0.002378904949467242
2019-04-09,0.005678851809814131
2019-04-10,-0.007220604234275563
2019-04-11,-0.0004835403852171947
2019-04-12,-0.026573498403529697
2019-04-15,-0.001100366195229463
2019-04-16,0.039387626821610705
2019-04-17,-0.0006944427453935281
2019-04-18,0.009531417343405362
2019-04-22,0.011876881899095026
2019-04-23,0.0007904074385013116
2019-04-24,-0.0062574487120614225
2019-04-25,0.009302703573286261
2019-04-26,0.011517836534586894
2019-04-29,0.0038482345318914674
2019-04-30,0.004691743449880395
2019-05-01,-0.01050237472324106
2019-05-02,0.0037054335076273925
2019-05-03,0.001241925813996765
2019-05-06,0.004135395155296803
2019-05-07,0.007118115828840463
2019-05-08,-0.0019925622111553187
2019-05-09,-0.006440295697384871
2019-05-10,-0.00015059313517791365
2019-05-13,-0.02201539714597875
2019-05-14,0.007278701718555866
2019-05-15,-0.003585080161215129
2019-05-16,-0.007919091972943118
2019-05-17,-0.00720493618561839
2019-05-20,-0.012577826799070754
2019-05-21,0.012654092328142325
2019-05-22,-0.023286983191968577
2019-05-23,0.004257725504265675
2019-05-24,-0.0047874045115657
2019-05-28,0.0025833116439774734
2019-05-29,0.008889617340102851
2019-05-30,-0.004354073672186848
2019-05-31,-0.004028922498655607
2019-06-03,-0.012952948821610575
2019-06-04,0.02130756235178234
2019-06-05,-0.0008719395436685151
2019-06-06,0.005823911512486235
2019-06-07,-0.006465841198222327
2019-06-10,0.007853480333898282
2019-06-11,-0.0038581581003149235
2019-06-12,0.008297996993894954
2019-06-13,-0.0008793283301192917
2019-06-14,0.013855074381140614
2019-06-17,-0.0030891310198015148
2019-06-18,0.019205983859722484
2019-06-19,0.010481224343605058
2019-06-20,0.007428004645996161
2019-06-21,-0.0020515714738965213
2019-06-24,0.0037135892861747
2019-06-25,-0.00739035212581815
2019-06-26,-0.012890794476763223
2019-06-27,-0.002748607013258547
2019-06-28,0.007947136211392564
2019-07-01,0.001569224753479857
2019-07-02,0.012831127952754429
2019-07-03,0.009231247355243624
2019-07-05,-0.004107406889370488
2019-07-08,-0.0032837360879150457
2019-07-09,-0.003852174974187174
2019-07-10,-0.009456091171797298
2019-07-11,0.009879237806250843
2019-07-12,0.00684470911540104
2019-07-15,-0.011465745968067959
2019-07-16,0.003807978534784916
2019-07-17,-0.00191891279166026
2019-07-18,-0.007741520859840437
2019-07-19,-0.006606652273169131
2019-07-22,-0.006140958312637154
2019-07-23,-0.008819432283820356
2019-07-24,-0.002619287204002979
2019-07-25,0.017200451995260227
2019-07-26,0.013339492212049026
2019-07-29,0.0023335411435171094
2019-07-30,-0.010091423829293662
2019-07-31,0.0003853466421958468
2019-08-01,0.00129265317639983
2019-08-02,-0.011403888622042682
2019-08-05,-0.002861554766017335
2019-08-06,-0.00929007879217547
2019-08-07,-0.003890408404846543
2019-08-08,0.005460673260729854
2019-08-09,-0.016476689309946307
2019-08-12,-0.006275510969264972
2019-08-13,0.004584178391756096
2019-08-14,-0.009688344269929483
2019-08-15,-0.016536200605680854
2019-08-16,0.009405287697877712
2019-08-19,0.000965589128163788
2019-08-20,-0.009045026141839245
2019-08-21,0.003721483191166969
2019-08-22,0.0018945759892066982
2019-08-23,0.00718903527143204
2019-08-26,-0.003405722475307321
2019-08-27,-0.011487554759143771
2019-08-28,0.005188586319356953
2019-08-29,0.002794579755242818
2019-08-30,0.008484099148471008
2019-09-03,0.001538702658399435
2019-09-04,0.005674804450957112
2019-09-05,0.0009602313792466538
2019-09-06,-0.00519451114277758
2019-09-09,-0.009982502111923572
2019-09-10,-0.0018483757187802707
2019-09-11,0.0032394218453019883
2019-09-12,0.007808515188071352
2019-09-13,-0.006672191530081098
2019-09-16,-0.01183248475289421
2019-09-17,0.012129387663755709
2019-09-18,-0.0019664085737026702
2019-09-19,-0.0030032075675908293
2019-09-20,0.0024543855858709385
2019-09-23,0.0065750858064757695
2019-09-24,0.017351992853406883
2019-09-25,-0.008192927311201246
2019-09-26,0.0005759852337474947
2019-09-27,-0.007360305124817265
2019-09-30,-0.006694907366543615
2019-10-01,0.0012349815632195782
2019-10-02,0.00015083702990131994
2019-10-03,0.005105348124923845
2019-10-04,-0.006980696569169248
2019-10-07,-0.0006591650661615933
2019-10-08,-0.004949550528426466
2019-10-09,-7.71975077953613e-05
2019-10-10,0.00026249113045978545
2019-10-11,0.013823228526717815
2019-10-14,0.001401926355702382
2019-10-15,-0.012108461248971483
2019-10-16,-0.005949703281046282
2019-10-17,-0.007187596480529329
2019-10-18,-0.011537425268284385
2019-10-21,-0.01054091644662132
2019-10-22,-0.0034471441033436107
2019-10-23,-0.0017875185026828683
2019-10-24,0.018779776724328595
2019-10-25,-0.0064360082500430765
2019-10-28,0.0019482676704660612
2019-10-29,-0.00016953366207303477
2019-10-30,0.011822095922479752
2019-10-31,0.006241725751581204
2019-11-01,0.0017966891649306704
2019-11-04,-0.0004555096688305671
2019-11-05,0.004116498033473276
2019-11-06,-0.004902359261423557
2019-11-07,-0.0159056834932451
2019-11-08,-0.009972298053692624
2019-11-11,0.00530146734289462
2019-11-12,0.003824593658305897
2019-11-13,0.00426660220685396
2019-11-14,-0.0024823507282312474
2019-11-15,-0.003545009002543509
2019-11-18,-0.003903572230074856
2019-11-19,-0.004842774949544729
2019-11-20,0.007309920459917547
2019-11-21,0.0020740638419965984
2019-11-22,0.004989554237763885
2019-11-25,-0.004575286637077736
2019-11-26,-0.001212302686900854
2019-11-27,-0.001992929887003085
2019-11-29,0.0021487686520226257
2019-12-02,0.002089444172098165
2019-12-03,-0.0014333370093202874
2019-12-04,-0.008365128405729658
2019-12-05,0.002070482732563038
2019-12-06,0.0027543061520696327
2019-12-09,-0.0022457617632768434
2019-12-10,0.000531375500008216
2019-12-11,-1.7611605878140035e-05
2019-12-12,0.0073899632938701654
2019-12-13,0.003957955650115488
2019-12-16,-0.0021297164983404976
2019-12-17,0.00624978664372379
2019-12-18,-0.008637900553228703
2019-12-19,-0.0007272434291101097
2019-12-20,0.0010065013153382901
2019-12-23,-0.004601708694281045
2019-12-24,-0.0039184691859085324
2019-12-26,-0.002674403002537129
2019-12-27,0.004474319804826863
2019-12-30,0.0038680084669887177
2019-12-31,-0.0034432568156280013
2020-01-02,-0.00531049262867489
2020-01-03,-0.0028938621858164426
2020-01-06,-0.009381985524090112
2020-01-07,-0.0074085232671642215
2020-01-08,0.002928561369498303
2020-01-09,-0.0014647732414603543
2020-01-10,0.0035252591858471877
2020-01-13,-0.017640667018976208
2020-01-14,-0.0026953996849979206
2020-01-15,1.228421201218688e-05
2020-01-16,-0.00383588054841813
2020-01-17,-0.009852585358526261
2020-01-21,-0.01565312714000551
2020-01-22,-0.009673441262811736
2020-01-23,0.0004697266143760953
2020-01-24,0.00392181760283411
2020-01-27,0.0022744018543508215
2020-01-28,-0.008693401953453665
2020-01-29,-0.0022770933473384852
2020-01-30,-0.016896322359785
2020-01-31,-0.018930925592342246
2020-02-03,-0.03004549476018356
2020-02-04,-0.01930497159753168
2020-02-05,0.04695335760487383
2020-02-06,-0.013478877594164843
2020-02-07,-0.0072188315877786124
2020-02-10,-0.018360662224506177
2020-02-11,0.00921572187605793
2020-02-12,-0.012251633692816427
2020-02-13,0.012245802164837435
2020-02-14,-0.0032855120300121915
2020-02-18,0.001388272674178584
2020-02-19,0.0002858681180718677
2020-02-20,0.007393613117658654
2020-02-21,0.007853669568855776
2020-02-24,0.020585875719912994
2020-02-25,0.0057124095367805106
2020-02-26,-0.018329976252650523
2020-02-27,-0.011598424861922599
2020-02-28,0.03655550882774693
2020-03-02,0.00391231023773056
2020-03-03,-0.019168960292861012
2020-03-04,-0.007198791412633658
2020-03-05,-0.02580670915056299
2020-03-06,-0.011973575540323383
2020-03-09,-0.07375078472056783
2020-03-10,0.009140119187095591
2020-03-11,-0.03150392360890236
2020-03-12,-0.04021101511867636
2020-03-13,0.02467027240255465
2020-03-16,-0.05392667429098545
2020-03-17,-0.021288660936074774
2020-03-18,-0.0598244415513183
2020-03-19,0.0744883416994625
2020-03-20,0.041508156541064156
2020-03-23,0.018779276006960416
2020-03-24,0.11920786445639939
2020-03-25,0.0812350641159276
2020-03-26,0.0303442767694964
2020-03-27,0.020776006514234266
2020-03-30,0.024277968015842408
2020-03-31,-0.0183306621146007
2020-04-01,0.016118138387731976
2020-04-02,0.02473509778558612
2020-04-03,-0.0019747783043717326
2020-04-06,-0.014310899226587404
2020-04-07,0.011006257338958395
2020-04-08,-0.00998972523326534
2020-04-09,0.015446211721668726
2020-04-13,0.006790170187473868
2020-04-14,-0.0008023363047748727
2020-04-15,0.023146228568361404
2020-04-16,0.004893425477335818
2020-04-17,0.08475345860859874
2020-04-20,-0.027056914192355397
2020-04-21,0.015253514027697895
2020-04-22,-0.010737254542117311
2020-04-23,0.009100455936308207
2020-04-24,-0.0089033131736386
2020-04-27,0.01818167998711602
2020-04-28,0.0051313611509220675
2020-04-29,-0.0177944353499231
2020-04-30,-0.016551734801287327
2020-05-01,0.01931153004050258
2020-05-04,-0.0013843091769428911
2020-05-05,0.007449792599178509
2020-05-06,0.013562325149129625
2020-05-07,-0.02706883074864609
2020-05-08,0.018389357221933134
2020-05-11,-0.040994913827747795
2020-05-12,-0.018564327403369996
2020-05-13,-0.017780747801007135
2020-05-14,0.02332986317975698
2020-05-15,-0.03275684582789756
2020-05-18,0.044048274433354115
2020-05-19,-0.011724304110867431
2020-05-20,0.008608533831643728
2020-05-21,-0.005342890513276034
2020-05-22,-0.0023018878744989757
2020-05-26,-0.03158728021380795
2020-05-27,-0.022724856398163185
2020-05-28,0.04106996805752494
2020-05-29,0.00602961566637847
2020-06-01,-0.006890178724663673
2020-06-02,0.0008016500080356564
2020-06-03,-0.03852442952609654
2020-06-04,-0.0284305622708248
2020-06-05,-0.014225462866011089
2020-06-08,-0.03833759434575962
2020-06-09,0.018616005976485828
2020-06-10,0.048705279093124776
2020-06-11,0.044199946914339705
2020-06-12,-0.03365104507080971
2020-06-15,-0.005854551137317476
2020-06-16,0.006116424348889163
2020-06-17,-0.031045838630657477
2020-06-18,-0.010754124453232913
2020-06-19,-0.015472170369968256
2020-06-22,-0.013586008475036243
2020-06-23,0.0016243592908235654
2020-06-24,0.0053875922075316135
2020-06-25,-0.005033592660041539
2020-06-26,0.0059799479259266975
2020-06-29,0.0323350769579768
2020-06-30,-0.021591855810705593
2020-07-01,-0.028241509901933845
2020-07-02,0.005658652995865834
2020-07-06,-0.016454401419246853
2020-07-07,-0.013423487426140815
2020-07-08,0.003937787996751971
2020-07-09,-0.02325028744488855
2020-07-10,0.021012582514806408
2020-07-13,0.010840346432438171
2020-07-14,0.015326553297263429
2020-07-15,0.007625059649288987
2020-07-16,0.008182190079447857
2020-07-17,0.004512401325690835
2020-07-20,-0.05107502921978428
2020-07-21,-0.0179737775856266
2020-07-22,-0.0088161593650848
2020-07-23,-0.01789111347207921
2020-07-24,0.00013510726350933477
2020-07-27,0.015332269953150486
2020-07-28,-0.013939648606728958
2020-07-29,-0.002505146411787243
2020-07-30,0.02591035630202522
2020-07-31,0.01656307901018661
2020-08-03,0.016767509239325656
2020-08-04,0.005771194694099424
2020-08-05,0.017374348604490233
2020-08-06,-0.017755403324020716
2020-08-07,0.016469315703527915
2020-08-10,0.03542424614909516
2020-08-11,-0.011605673193857469
2020-08-12,0.010598024791976884
2020-08-13,-0.008874900280329265
2020-08-14,-0.006268804842456371
2020-08-17,0.012608591857314236
2020-08-18,0.019326119216580798
2020-08-19,0.0044884762040949405
2020-08-20,0.015595084304329834
2020-08-21,-0.008967435095796852
2020-08-24,-0.022740711315849885
2020-08-25,-0.015976483420254373
2020-08-26,-0.08342592212034065
2020-08-27,0.0184567231465685
2020-08-28,0.007714004802771901
2020-08-31,-0.04661552388704868
2020-09-01,-0.027760888915961165
2020-09-02,0.0032775629189279593
2020-09-03,0.021536096927108492
2020-09-04,0.012402552074221765
2020-09-08,0.024455618132470006
2020-09-09,0.03167701140499339
2020-09-10,-0.003986660058382108
2020-09-11,-0.013306784495727392
2020-09-14,0.01948539294691605
2020-09-15,0.03215405810179521
2020-09-16,0.004069056038591187
2020-09-17,-0.011014703474971119
2020-09-18,-0.0014915147717979305
2020-09-21,0.004398977988567865
2020-09-22,0.002884955807516494
2020-09-23,0.010469728906915679
2020-09-24,-0.007115225819794166
2020-09-25,0.004218857840907003
2020-09-28,0.011977695405923125
2020-09-29,0.0029916966325259243
2020-09-30,0.0011945034556276046
2020-10-01,-0.01825665020197452
2020-10-02,0.020152448738824644
2020-10-05,-0.0049721033612604715
2020-10-06,0.001731499907474858
2020-10-07,-0.009795048579965826
2020-10-08,0.0006235817652879422
2020-10-09,-0.008234690512612164
2020-10-12,-0.0012185096759379371
2020-10-13,-0.003950567178910137
2020-10-14,-0.0027418850667857153
2020-10-15,0.0006970145496412311
2020-10-16,0.003685211048434181
2020-10-19,-0.0007297200231575346
2020-10-20,-0.008159990058492423
2020-10-21,0.0013904459094293414
2020-10-22,-0.002575408326481371
2020-10-23,0.019884907651466943
2020-10-26,0.0027783678724778438
2020-10-27,0.023013809087431197
2020-10-28,-0.007419102628578381
2020-10-29,-0.0006331029233458546
2020-10-30,-0.01698243558624525
2020-11-02,0.0012473181422704704
2020-11-03,-0.00880890671594317
2020-11-04,0.02384728676506248
2020-11-05,0.011544870379407962
2020-11-06,-0.001829010039641088
2020-11-09,-0.05020266295754024
2020-11-10,-0.025585750870995655
2020-11-11,0.016652952199759596
2020-11-12,0.014412113967670143
2020-11-13,-0.016500973295356117
2020-11-16,-0.029200462170633407
2020-11-17,-0.016885526142850174
2020-11-18,0.021068292805352065
2020-11-19,0.0020970412920833514
2020-11-20,-0.006198960825066338
2020-11-23,-0.030624501631616355
2020-11-24,-0.016209900494088034
2020-11-25,0.0002667213568824517
2020-11-27,0.006865344674525972
2020-11-30,0.04016487114772907
2020-12-01,0.005012973670625073
2020-12-02,-0.020339000052810446
2020-12-03,0.003885327449303727
2020-12-04,0.01722479760625316
2020-12-07,-0.02860837369192952
2020-12-08,0.0018577209925933896
2020-12-09,0.029187796297533555
2020-12-10,-0.01640325841036168
2020-12-11,0.019668669496691035
2020-12-14,0.019131297917871368
2020-12-15,-0.0012183812431622865
2020-12-16,0.01153457668462972
2020-12-17,-0.0053191464393793075
2020-12-18,0.0017950483452496557
2020-12-21,-0.004914426599923402
2020-12-22,-0.0022732886261368768
2020-12-23,-0.008343579030704843
2020-12-24,-0.006684029014536727
2020-12-28,-0.0055484736793183775
2020-12-29,0.008638308112972004
2020-12-30,0.0051465930163333284
2020-12-31,-0.006584782144867572
2021-01-04,-0.010137993317227076
2021-01-05,0.0013177627657252472
2021-01-06,-0.04486039397140841
2021-01-07,-0.005662911927585057
2021-01-08,-0.004942028846065565
2021-01-11,-0.02127997442518234
2021-01-12,-0.027494424475739618
2021-01-13,0.01000679907605112
2021-01-14,-0.02736282140667773
2021-01-15,0.02648614632384734
2021-01-19,-6.643592382350738e-05
2021-01-20,0.015821460584471522
2021-01-21,0.010578650012522589
2021-01-22,0.014377611073630711
2021-01-25,0.008912681451456116
2021-01-26,-0.009076010423957032
2021-01-27,0.007481796599514881
2021-01-28,0.0008507022263035402
2021-01-29,-0.002257925655716919
2021-02-01,-0.013005268031165236
2021-02-02,0.02213362319383845
2021-02-03,0.016807968384865743
2021-02-04,0.004098567278188081
2021-02-05,-0.0062306602645579995
2021-02-08,0.012345069686429512
2021-02-09,0.006061865064324795
2021-02-10,-0.001201325769753167
2021-02-11,0.002209870010761672
2021-02-12,-0.008987310846044289
2021-02-16,-0.02774293314719231
2021-02-17,0.00450593530760951
2021-02-18,0.011832386817994034
2021-02-19,-0.025522979595297812
2021-02-22,-0.020218445364276458
2021-02-23,-0.012484815134852346
2021-02-24,-0.01356852252831206
2021-02-25,-0.023464096950040772
2021-02-26,0.027829677856656174
2021-03-01,0.0016419039068902852
2021-03-02,-0.014143009659014117
2021-03-03,-0.01971878494652679
2021-03-04,-0.017196445786399173
2021-03-05,-0.004181618473406243
2021-03-08,-0.005186022021157269
2021-03-09,0.010417376649464018
2021-03-10,-0.015063607855080027
2021-03-11,0.05106106835251836
2021-03-12,-0.020480498288114254
2021-03-15,0.012926248012270866
2021-03-16,0.014416538578327047
2021-03-17,-0.006486522703001568
2021-03-18,0.0016938208717117431
2021-03-19,-0.017776371365129495
2021-03-22,-0.012127303353695412
2021-03-23,0.004311383930214367
2021-03-24,0.011548507934732763
2021-03-25,0.006783178316948302
2021-03-26,-0.02310034527769629
2021-03-29,-0.00686859921712675
2021-03-30,0.009703333059789073
2021-03-31,0.017014705778819028
2021-04-01,0.016515043269452356
2021-04-05,-0.0062109421668080506
2021-04-06,0.00486412630121473
2021-04-07,-0.003899099115326916
2021-04-08,-0.016806032293767495
2021-04-09,0.0015900946469368793
2021-04-12,-0.006021385274896249
2021-04-13,-0.01800536872731466
2021-04-14,0.02988534691535623
2021-04-15,-0.023317083550907225
2021-04-16,-0.0010705851310960357
2021-04-19,0.008851157710593971
2021-04-20,-0.0009941933877766346
2021-04-21,0.006746071470750141
2021-04-22,-0.0051774863224546
2021-04-23,0.002409184206657408
2021-04-26,0.013440713000159421
2021-04-27,-0.005603836326674702
2021-04-28,-0.008637160894243835
2021-04-29,-0.009030120245598655
2021-04-30,0.0220845171922264
2021-05-03,-0.005754593581895728
2021-05-04,0.0031425537914119978
2021-05-05,-0.016089791732494405
2021-05-06,-0.00033474988554735297
2021-05-07,0.0052292277038390594
2021-05-10,-0.025675808263106503
2021-05-11,0.017741409381828194
2021-05-12,-0.02575270292580943
2021-05-13,-0.003665344466759618
2021-05-14,0.004914728950164177
2021-05-17,-0.007104609211883911
2021-05-18,0.006128824416706646
2021-05-19,0.01079485881418628
2021-05-20,0.019729136555005578
2021-05-21,-0.0019096262101548078
2021-05-24,0.013431517971532303
2021-05-25,0.014096279896520944
2021-05-26,0.0011252432457529733
2021-05-27,-0.007421175168026595
2021-05-28,-0.008172739385466102
2021-06-01,0.011356010154636068
2021-06-02,0.004209463427610333
2021-06-03,0.018825138955506318
2021-06-04,0.000501997274489796
2021-06-07,0.0017202183924899944
2021-06-08,-0.005213203543540004
2021-06-09,0.015347157076626677
2021-06-10,0.014837110195407304
2021-06-11,-0.001777977816388665
2021-06-14,-0.006958273137534998
2021-06-15,-0.0022704471878498694
2021-06-16,0.006270713270758413
2021-06-17,-0.02504014207292342
2021-06-18,-0.008941223944878618
2021-06-21,0.011077823008585369
2021-06-22,-0.009476314880781073
2021-06-23,-0.0012675429278059674
2021-06-24,0.008025842897221915
2021-06-25,0.010049193117784017
2021-06-28,-0.027046992617031654
2021-06-29,-0.0015893200619713083
2021-06-30,0.014255336112944009
2021-07-01,-0.004606151940664256
2021-07-02,0.005175454955531386
2021-07-06,0.014658107795343406
2021-07-07,0.009529520857276888
2021-07-08,0.011167972379232269
2021-07-09,-0.009740569138466075
2021-07-12,0.013494470935161235
2021-07-13,-0.014994053157130122
2021-07-14,-0.015851770375156934
2021-07-15,0.007508661985261608
2021-07-16,-0.017436244062983858
2021-07-19,0.002478270807752772
2021-07-20,-0.003053018477595093
2021-07-21,0.014341336355849707
2021-07-22,0.002561793475616095
2021-07-23,-0.005538441756834904
2021-07-26,0.009757977603477672
2021-07-27,0.0026306096478276586
2021-07-28,-0.0029996096255139465
2021-07-29,0.006752373131698075
2021-07-30,-0.003560607867653968
2021-08-02,-0.002878139495381335
2021-08-03,0.0027626884427575243
2021-08-04,-0.0003416616428319891
2021-08-05,-0.0020863421924242342
2021-08-06,-0.0018056347076290656
2021-08-09,-0.010035363718688128
2021-08-10,0.007800868865148289
2021-08-11,0.011512302419233789
2021-08-12,-0.005836478897442363
2021-08-13,-0.014091515201454586
2021-08-16,0.009697520355298667
2021-08-17,-0.0033865168204989943
2021-08-18,0.007852914972158773
2021-08-19,0.03177169888036929
2021-08-20,0.004569134646390584
2021-08-23,0.024263343497608822
2021-08-24,0.021453613135480887
2021-08-25,0.012152865702482363
2021-08-26,-0.010450289707781321
2021-08-27,0.017113702744306222
2021-08-30,0.013737863117247964
2021-08-31,-0.0006806207821735966
2021-09-01,0.005302518060590233
2021-09-02,0.005313878573569755
2021-09-03,-0.002167590815183319
2021-09-07,-0.02092006164764794
2021-09-08,0.0010413438151003207
2021-09-09,-0.0035297582274823325
2021-09-10,0.002595602700870475
2021-09-13,-0.0012527220060441619
2021-09-14,-0.009425906872604556
2021-09-15,0.004724963794240256
2021-09-16,-0.004722825113066292
2021-09-17,0.0010307002217020689
2021-09-20,0.010616594993045432
2021-09-21,-0.006881304334272573
2021-09-22,-0.013915741187352115
2021-09-23,0.0006340621556844839
2021-09-24,-0.008322104634814004
2021-09-27,-0.011098882343797646
2021-09-28,-0.01674098633364457
2021-09-29,-0.007067107271155643
2021-09-30,0.004297099953323266
2021-10-01,-0.01786519070377439
2021-10-04,-0.021663560879769367
2021-10-05,0.00495598964561185
2021-10-06,0.01245775096333275
2021-10-07,0.006525234692242518
2021-10-08,-0.014211248846927399
2021-10-11,0.0012779667020294686
2021-10-12,-0.003107725584722318
2021-10-13,0.0023685347101542464
2021-10-14,0.00026972584821001455
2021-10-15,-0.006595115751553818
2021-10-18,-0.002023635822957322
2021-10-19,0.005280731679942863
2021-10-20,0.0027099420988174056
2021-10-21,-0.011119831019668139
2021-10-22,-0.009693736907486969
2021-10-25,-0.020598036412335027
2021-10-26,0.003231573593716827
2021-10-27,-0.0029534555484001662
2021-10-28,-0.005414717647392153
2021-10-29,-0.012997178634564288
2021-11-01,-0.0028694755079762676
2021-11-02,-0.0024783225903530076
2021-11-03,-0.007116051283604985
2021-11-04,-0.019623561251915736
2021-11-05,0.03254116948220086
2021-11-08,0.001643536960622445
2021-11-09,0.011836041871009645
2021-11-10,0.005510035092931256
2021-11-11,-0.003599258943132677
2021-11-12,0.0019120216515593202
2021-11-15,-0.009824159020683147
2021-11-16,-0.019730247616182542
2021-11-17,0.004404865000350783
2021-11-18,-0.01183053745241705
2021-11-19,-0.0053645625233599975
2021-11-22,0.0057824681429696784
2021-11-23,0.026013981671447514
2021-11-24,-0.006677926276403234
2021-11-26,-0.00961792593944348
2021-11-29,-0.03097772339393086
2021-11-30,-0.011739200020620037
2021-12-01,-0.024960322374602953
2021-12-02,0.007327288589265596
2021-12-03,-0.01729383750360218
2021-12-06,0.012046304401731947
2021-12-07,0.0005174572084352693
2021-12-08,-0.0010283690331124445
2021-12-09,-0.024884779739344276
2021-12-10,0.015436439745708366
2021-12-13,-0.005969621447293377
2021-12-14,-0.015446496156558269
2021-12-15,-0.013618494763884784
2021-12-16,0.0035788703327370164
2021-12-17,0.0044210948823661805
2021-12-20,-0.005573905959332381
2021-12-21,0.027022944783559627
2021-12-22,0.004168873886493729
2021-12-23,0.009386736604616155
2021-12-27,0.0035947248990981784
2021-12-28,-0.005205948873650348
2021-12-29,-0.006765211381642251
2021-12-30,0.006713967186738196
2021-12-31,0.00826764454215323
2022-01-03,-0.03180583956424825
2022-01-04,-0.006158642686435817
2022-01-05,0.02838042396384667
2022-01-06,-0.010768510382407587
2022-01-07,-0.013995947199664321
2022-01-10,0.002554310674078658
2022-01-11,-0.0019284449616689264
2022-01-12,-0.0021898292700875113
2022-01-13,-0.02740860875340273
2022-01-14,-0.006395532382561131
2022-01-18,-0.014636116062669915
2022-01-19,-0.0008032476505662189
2022-01-20,-0.005913673706951199
2022-01-21,-0.0034635958507383824
2022-01-24,0.00781581164759268
2022-01-25,-0.02433712045321712
2022-01-26,0.016565027933595017
2022-01-27,-0.03088788882227901
2022-01-28,0.017469167395858423
2022-01-31,0.04887229530878119
2022-02-01,0.004103382349639945
2022-02-02,-0.019552554741213216
2022-02-03,-0.050368843995616405
2022-02-04,0.0034877590826514204
2022-02-07,0.014324494097723864
2022-02-08,0.007990384126925959
2022-02-09,-0.013568650159472853
2022-02-10,0.004980618851321688
2022-02-11,0.009313421114183693
2022-02-14,0.0030635980817170366
2022-02-15,-0.010009515769041619
2022-02-16,-0.004931658000004488
2022-02-17,0.01185433909048532
2022-02-18,0.010569775620030364
2022-02-22,0.0007864763125714075
2022-02-23,-0.0028648079189062536
2022-02-24,0.021559658143538205
2022-02-25,-0.006079903165929502
2022-02-28,0.009703027746142623
2022-03-01,-0.026780995369240224
2022-03-02,0.009971636552214419
2022-03-03,-0.02311500625829288
2022-03-04,-0.02805601462113709
2022-03-07,-0.056987615435299746
2022-03-08,-0.006226668439796704
2022-03-09,0.045390399013964716
2022-03-10,-0.014208110416826084
2022-03-11,-0.018217411663053934
2022-03-14,-0.00433357830246045
2022-03-15,0.03255889972469188
2022-03-16,0.02151902516141624
2022-03-17,-0.012005570836315566
2022-03-18,0.0028086539046722632
2022-03-21,0.023327448003883186
2022-03-22,0.0013930775456573452
2022-03-23,0.008982967294367691
2022-03-24,0.0017478668608876813
2022-03-25,0.0046907032019108
2022-03-28,0.003831196693126107
2022-03-29,0.005293131201868098
2022-03-30,-0.006101895630601192
2022-03-31,0.0008220198215663221
2022-04-01,0.0027005224770057386
2022-04-04,-0.0008791381637510559
2022-04-05,-0.007446210728366404
2022-04-06,-0.011017774769765482
2022-04-07,-0.005110019147662001
2022-04-08,0.015127904948663895
2022-04-11,0.006882846767755912
2022-04-12,0.0009572836439820931
2022-04-13,0.013379162575667639
2022-04-14,-0.023138930868336557
2022-04-18,0.022032012206180535
2022-04-19,0.010601787360918075
2022-04-20,-0.07082474730291109
2022-04-21,-0.010816678493314441
2022-04-22,0.01024028254147559
2022-04-25,0.01229986636870978
2022-04-26,0.004326373500800576
2022-04-27,-0.004315735884139249
2022-04-28,0.04103825677681677
2022-04-29,-0.01177051506251292
2022-05-02,0.012717212347392941
2022-05-03,0.010556660735150783
2022-05-04,-1.9688287867802856e-05
2022-05-05,-0.006104629941482115
2022-05-06,-0.00617860602972202
2022-05-09,-0.02515519594710376
2022-05-10,0.002343982627478494
2022-05-11,-0.029406435750726476
2022-05-12,0.007702663919111258
2022-05-13,0.010362002379761565
2022-05-16,-0.015103942438744354
2022-05-17,0.02572483098016458
2022-05-18,-0.0035606585282593334
2022-05-19,-0.0031221149836558604
2022-05-20,-0.0368850134142725
2022-05-23,0.018693979450162823
2022-05-24,-0.013677053723142166
2022-05-25,-9.348399510381022e-05
2022-05-26,0.01510151299866333
2022-05-27,0.01751331856017574
2022-05-31,0.006219661810843548
2022-06-01,0.008552458937989713
2022-06-02,-0.007267141959005061
2022-06-03,0.006419828129973354
2022-06-06,0.0007241348227046696
2022-06-07,-0.0028953000554816075
2022-06-08,-0.011932545178635554
2022-06-09,0.009842580655485378
2022-06-10,0.021418587812685574
2022-06-13,0.020465267463828304
2022-06-14,-0.010524695357576745
2022-06-15,0.041585908638162875
2022-06-16,-0.0166570072140879
2022-06-17,0.033171392587543216
2022-06-21,-0.03258261812750271
2022-06-22,0.01007776158791933
2022-06-23,-0.02361543318946968
2022-06-24,-0.007330071177393815
2022-06-27,0.019197486269849046
2022-06-28,0.022568955762002615
2022-06-29,-0.010807057972075413
2022-06-30,-0.00901877256909954
2022-07-01,0.00021142571980969915
2022-07-05,-0.006146281738443157
2022-07-06,-0.004055120949707863
2022-07-07,0.015551239732655238
2022-07-08,-0.0002966555023747458
2022-07-11,-0.0015723312057912137
2022-07-12,0.0038471985706809153
2022-07-13,-0.006337815307033576
2022-07-14,-0.013345754910277298
2022-07-15,0.021380443872320687
2022-07-18,0.0008175683764695685
2022-07-19,0.00935672889192632
2022-07-20,0.023338465808635467
2022-07-21,-0.010143923522261953
2022-07-22,0.030902213705859924
2022-07-25,0.01648846696598455
2022-07-26,0.038632531244971735
2022-07-27,-0.04840795548083457
2022-07-28,0.006291239669102016
2022-07-29,-0.006197847074970647
2022-08-01,0.008205103858851134
2022-08-02,0.005836456231068932
2022-08-03,0.00855998229166903
2022-08-04,-0.006802196076924198
2022-08-05,0.019964205333245055
2022-08-08,0.007862695839159342
2022-08-09,0.01518793224405783
2022-08-10,-0.020730361567961514
2022-08-11,0.00935713660985875
2022-08-12,0.004994606288493034
2022-08-15,0.010335827527674202
2022-08-16,0.0030820704120948367
2022-08-17,-0.0006338644153441597
2022-08-18,-0.002788638797089292
2022-08-19,0.001363298453519804
2022-08-22,-0.007860423331009517
2022-08-23,-0.00030550604988069385
2022-08-24,-0.0011753503009167138
2022-08-25,0.009316439767632427
2022-08-26,-0.030323069225684132
2022-08-29,-0.014874481527426472
2022-08-30,0.00784803234118453
2022-08-31,0.004440149184921693
2022-09-01,-0.005988844133369515
2022-09-02,-0.005604330686869954
2022-09-06,-0.005399969484499598
2022-09-07,0.011249621612669403
2022-09-08,-0.006736402912197528
2022-09-09,0.011936863368733482
2022-09-12,0.006624866954080197
2022-09-13,-0.01625797941958336
2022-09-14,0.001843257167482154
2022-09-15,-0.019680180456232793
2022-09-16,-0.007071683721829701
2022-09-19,0.00797882718653245
2022-09-20,-0.010464106499869119
2022-09-21,0.0007683320963812884
2022-09-22,-0.012039910252998567
2022-09-23,0.026668545130596563
2022-09-26,-0.01090958358138415
2022-09-27,-0.0056199897285741235
2022-09-28,0.005271642155633499
2022-09-29,-0.004328651550791374
2022-09-30,0.0054142957931452304
2022-10-03,0.0029255485164332157
2022-10-04,0.024096893914279244
2022-10-05,0.0005028590343083145
2022-10-06,0.0011686754945419153
2022-10-07,-0.016359560598027012
2022-10-10,0.017930720684286708
2022-10-11,0.010842603967785441
2022-10-12,0.0040993383427762875
2022-10-13,-0.011568939462097555
2022-10-14,0.012048932712148174
2022-10-17,0.033550424210590596
2022-10-18,-0.0021790624038799805
2022-10-19,0.0011852247374890407
2022-10-20,-2.630953985874318e-05
2022-10-21,-0.008537285562397938
2022-10-24,0.01156255675277365
2022-10-25,0.008361917605098884
2022-10-26,0.00705317931031732
2022-10-27,-0.00017917941750400512
2022-10-28,0.01558569459755209
2022-10-31,-0.013563169142661868
2022-11-01,-0.014096372032453702
2022-11-02,-0.007227650073459671
2022-11-03,-0.013338307330400437
2022-11-04,0.005649141899142771
2022-11-07,0.01110612631873488
2022-11-08,0.0037456548005065787
2022-11-09,0.011560584481630554
2022-11-10,0.052880836711595686
2022-11-11,0.004422211653454302
2022-11-14,0.0034757508715587554
2022-11-15,-0.010474303610133198
2022-11-16,0.0020586060258033223
2022-11-17,0.004101184856059259
2022-11-18,0.0005599280786749024
2022-11-21,-0.005581510154275021
2022-11-22,-0.007207758089935512
2022-11-23,0.012271422060723833
2022-11-25,0.011736478471016928
2022-11-28,0.0035355994437362027
2022-11-29,0.000766433818671905
2022-11-30,0.016113921355102617
2022-12-01,-0.0006949193538848958
2022-12-02,-0.008925989086131111
2022-12-05,-0.005274154371548987
2022-12-06,0.005759821607513482
2022-12-07,-0.002789059819507028
2022-12-08,-0.017174730776620087
2022-12-09,-0.011035129635614968
2022-12-12,0.012306269013435595
2022-12-13,-0.003454509174909054
2022-12-14,-0.009707879010961831
2022-12-15,0.014462734397354363
2022-12-16,-0.001526664577370579
2022-12-19,0.004495616290535661
2022-12-20,-0.016069494921349597
2022-12-21,-4.424730411042854e-05
2022-12-22,-0.009687451850584769
2022-12-23,-0.012478817900161393
2022-12-27,-0.024668065769167524
2022-12-28,0.0017214768419907267
2022-12-29,0.028609096812019064
2022-12-30,-0.0031621133287356024
2023-01-03,-0.008514246952714036
2023-01-04,0.004236485271547436
2023-01-05,-0.004576381619157757
2023-01-06,-0.00012945658062069043
2023-01-09,0.0036942019998712633
2023-01-10,-0.0031059445349977954
2023-01-11,0.0017312419441559992
2023-01-12,-0.020507595969577616
2023-01-13,-0.0019653123505385256
2023-01-17,-0.014345467428811806
2023-01-18,-0.007656106535458382
2023-01-19,0.02079632858645443
2023-01-20,-0.030515197512858833
2023-01-23,-0.034833608843674604
2023-01-24,-0.005835610799468899
2023-01-25,-0.0032576016127153773
2023-01-26,-0.026277360056480514
2023-01-27,-0.019990374549736817
2023-01-30,0.01964053497544084
2023-01-31,0.0014783668940067662
2023-02-01,-0.02763649980325346
2023-02-02,-0.038800851925024374
2023-02-03,0.022695653063279614
2023-02-06,-0.002331869345091997
2023-02-07,-0.01615676454363922
2023-02-08,0.016059075891734248
2023-02-09,-0.006261515774433414
2023-02-10,0.022663778443249308
2023-02-13,-0.004728667515899274
2023-02-14,-0.01602447046454869
2023-02-15,0.0025174053509479516
2023-02-16,0.012818417796805428
2023-02-17,0.0004102353555488353
2023-02-21,-0.0077278488454560895
2023-02-22,-0.0014652651781471154
2023-02-23,-0.023723447858724073
2023-02-24,-0.01610912941629758
2023-02-27,0.009959977310639329
2023-02-28,0.010384934431887302
2023-03-01,-0.007882128104814312
2023-03-02,-0.006227864310367412
2023-03-03,0.009985857327146021
2023-03-06,0.002998010419424338
2023-03-07,-0.003960420238971238
2023-03-08,-0.0039019756372810632
2023-03-09,-0.01839427134744094
2023-03-10,-0.004340668999577883
2023-03-13,-0.01217783535329918
2023-03-14,-0.004518213994749151
2023-03-15,-0.019579127561182214
2023-03-16,-0.009774935981456317
2023-03-17,-0.010562800315101135
2023-03-20,0.015967905509422772
2023-03-21,0.010980632832677945
2023-03-22,-0.008224357418928935
2023-03-23,-0.029813568290519246
2023-03-24,-0.0088026625305867
2023-03-27,0.018963958278704146
2023-03-28,0.00606369812876259
2023-03-29,0.00038266543018647403
2023-03-30,-0.006882022853207784
2023-03-31,-0.008117408874842648
2023-04-03,-0.00445043495608996
2023-04-04,-0.003207805082205195
2023-04-05,0.009122790870398828
2023-04-06,0.012711740352369286
2023-04-10,0.001866291605346794
2023-04-11,0.00404841477650357
2023-04-12,-0.012909525480419737
2023-04-13,-0.007150762456869922
2023-04-14,0.008635910961720145
2023-04-17,0.022235370804618404
2023-04-18,0.0013067998924417568
2023-04-19,-0.008422804303045081
2023-04-20,-0.004028983176086909
2023-04-21,-0.0024196463606314944
2023-04-24,-0.008976774731270147
2023-04-25,0.00475782551207149
2023-04-26,0.00020564790745547512
2023-04-27,0.014929181167031152
2023-04-28,0.011296997396181008
2023-05-01,-0.003883100818139749
2023-05-02,0.0004012361266072656
2023-05-03,-0.006645329216291518
2023-05-04,-0.008672843367310876
2023-05-05,-0.00041698248888849543
2023-05-08,-0.005215765213594776
2023-05-09,0.00582301014360638
2023-05-10,-0.010839845378560864
2023-05-11,-0.008783698381463173
2023-05-12,8.156281954710409e-05
2023-05-15,0.0095758384599354
2023-05-16,-0.023009745136267135
2023-05-17,0.002370551128253004
2023-05-18,-0.009918194979644815
2023-05-19,0.0004893874160614015
2023-05-22,0.006759593187295259
2023-05-23,0.006459415502185262
2023-05-24,-0.00483351433746157
2023-05-25,-0.04982923533770606
2023-05-26,-0.03593045246376683
2023-05-30,-0.026181607922349054
2023-05-31,0.017747797729650475
2023-06-01,-0.02377989278979352
2023-06-02,0.011014957923151034
2023-06-05,-0.0001807844886430321
2023-06-06,-0.005778460410065118
2023-06-07,0.01779104491325975
2023-06-08,-0.016759610559280533
2023-06-09,-0.011777261518385485
2023-06-12,-0.013989925505263914
2023-06-13,-0.007480703591077274
2023-06-14,-0.009412223133807018
2023-06-15,0.005360961157583388
2023-06-16,-0.005886563455412122
2023-06-20,0.01696360047914039
2023-06-21,0.02038249573543198
2023-06-22,-0.010794055792541168
2023-06-23,-0.003355568055511529
2023-06-26,0.030496073483492536
2023-06-27,-0.008160872498726227
2023-06-28,-0.0001605334264225388
2023-06-29,0.00022702225127191333
2023-06-30,0.0012025143721616643
2023-07-03,0.015438783214557397
2023-07-05,0.0033012567900048972
2023-07-06,-0.0028808840932516965
2023-07-07,-0.008409160184271208
2023-07-10,0.008194394642807051
2023-07-11,-0.003867444165352854
2023-07-12,-0.002190275598900601
2023-07-13,-0.0031612447808368875
2023-07-14,0.028609549521870656
2023-07-17,-0.010307489114331964
2023-07-18,-0.00761084088156129
2023-07-19,-0.0026605281541744463
2023-07-20,0.018832457261007324
2023-07-21,0.015934180069508988
2023-07-24,-0.006273930087900004
2023-07-25,0.006249171186153521
2023-07-26,0.01253190588133124
2023-07-27,0.00903020729378719
2023-07-28,0.02020207092677495
2023-07-31,0.0016572279558383085
2023-08-01,-0.0018546356035900047
2023-08-02,-0.01280528072185061
2023-08-03,-0.00043060515050559337
2023-08-04,-0.003389031688674951
2023-08-07,-0.003911713211410539
2023-08-08,-0.004500048239527363
2023-08-09,-0.0075346086026436415
2023-08-10,-0.00039944025297275346
2023-08-11,-0.005752879437946654
2023-08-14,0.010324221117682844
2023-08-15,0.0017841996470189109
2023-08-16,-0.003251851864151667
2023-08-17,-0.012213334394766613
2023-08-18,-0.00825947270322891
2023-08-21,-0.00017663860714371704
2023-08-22,-0.003381033876660236
2023-08-23,-0.0049488888882792265
2023-08-24,-0.00391149879978704
2023-08-25,-0.00968868916017375
2023-08-28,-0.00035955984438208743
2023-08-29,-0.01867622154974348
2023-08-30,-0.007687792977859653
2023-08-31,-0.014253942133477122
2023-09-01,0.0028489156941726157
2023-09-05,-0.007208714850293327
2023-09-06,-0.005522215019297394
2023-09-07,0.0062328003313597
2023-09-08,-0.0012319276135012423
2023-09-11,0.005046609957352746
2023-09-12,0.016679418897190892
2023-09-13,-0.0036263549395499084
2023-09-14,0.0018078976568097899
2023-09-15,0.008619633988723037
2023-09-18,-0.0018174917348767056
2023-09-19,0.009659496305595927
2023-09-20,-0.002163680700490417
2023-09-21,-0.0028560947607874504
2023-09-22,0.007807223393990108
2023-09-25,0.0019739343240323393
2023-09-26,-0.00550724294882686
2023-09-27,0.00309861555614592
2023-09-28,0.00784608838113808
2023-09-29,0.016538015036450207
2023-10-02,-0.014480682808919718
2023-10-03,-0.0032367419216384474
2023-10-04,0.020115248655749346
2023-10-05,-0.006700837352316941
2023-10-06,-0.007827142709453781
2023-10-09,0.015309150846882266
2023-10-10,0.006482351195314318
2023-10-11,-0.01952983955295655
2023-10-12,-0.008077172758962012
2023-10-13,0.025814825430516095
2023-10-16,-0.0011599770974173862
2023-10-17,0.002486826542455481
2023-10-18,0.0007518620467884679
2023-10-19,0.019771967612826485
2023-10-20,0.009032047264704747
2023-10-23,0.016591240077813832
2023-10-24,0.009859764294606707
2023-10-25,-0.020488202679556256
2023-10-26,-0.00631160864777397
2023-10-27,0.012914947460974284
2023-10-30,-0.003018549179949953
2023-10-31,0.0025911945025091226
2023-11-01,0.019828660312088006
2023-11-02,0.010167298912432704
2023-11-03,0.0032474467733179403
2023-11-06,-0.0006984683895279037
2023-11-07,-0.015104045466320368
2023-11-08,-0.002906634373525327
2023-11-09,-0.012181046099535298
2023-11-10,-0.01937744864538335
2023-11-13,0.005824368554522591
2023-11-14,0.004528119917802581
2023-11-15,0.010688659388395194
2023-11-16,-0.024092797127611282
2023-11-17,0.012943681142627771
2023-11-20,-0.008344375422983358
2023-11-21,0.007738330746363792
2023-11-22,-0.0011052205610100063
2023-11-24,0.0016656486867280274
2023-11-27,-0.004960178367702543
2023-11-28,-0.004932051608338275
2023-11-29,0.005693576655188978
2023-11-30,-0.008462930367053284
2023-12-01,0.012295409499443757
2023-12-04,0.0011766930576545555
2023-12-05,0.006671426273299183
2023-12-06,-0.010374456553542272
2023-12-07,0.01261417456798622
2023-12-08,-0.0037016800148355067
2023-12-11,-0.007555795007194692
2023-12-12,-0.02375005486709217
2023-12-13,0.002321103896758381
2023-12-14,-0.014932151463171686
2023-12-15,0.0008836242181005788
2023-12-18,0.008234606538009033
2023-12-19,-0.004313924134904265
2023-12-20,0.001025487040150097
2023-12-21,0.0020288186875315473
2023-12-22,0.0014716044702356712
2023-12-26,-0.013362133693224252
2023-12-27,-0.0023367009734669014
2023-12-28,0.003054121369962415
2023-12-29,0.0034992632420333403
2024-01-02,0.005665634092833091
2024-01-03,-0.01203557082287082
2024-01-04,-0.009326672616146184
2024-01-05,0.0011002374648265978
2024-01-08,0.012092309195683604
2024-01-09,0.003807894236181081
2024-01-10,0.004361292839660443
2024-01-11,-0.015160890588791776
2024-01-12,-0.006579365419158101
2024-01-16,-0.018389731214473917
2024-01-17,-0.0051526537527403216
2024-01-18,-0.012895163596903028
2024-01-19,-0.007199410437563447
2024-01-22,0.005968306652892066
2024-01-23,0.0024378867498232176
2024-01-24,-0.0035350965229156983
2024-01-25,-0.03580898295565167
2024-01-26,0.023120344533248988
2024-01-29,0.002401804120731793
2024-01-30,0.010484090211237418
2024-01-31,0.003650215746117763
2024-02-01,0.009090636358817726
2024-02-02,-0.004643449547148085
2024-02-05,0.002283447990535231
2024-02-06,0.002317806199595887
2024-02-07,0.005946185832723702
2024-02-08,-0.015695110058782574
2024-02-09,0.0008666874110563189
2024-02-12,0.006445113037294795
2024-02-13,-0.0083368356213325
2024-02-14,-0.003009303735481389
2024-02-15,0.014485413938138196
2024-02-16,0.005054585043229379
2024-02-20,0.002740276793134669
2024-02-21,0.010160275117885878
2024-02-22,-0.020930829569791462
2024-02-23,-0.001744634524536061
2024-02-26,-0.015980178853042384
2024-02-27,0.002882581668015319
2024-02-28,2.5255238735311103e-06
2024-02-29,-0.00027768510355823117
2024-03-01,-0.007499461845402592
2024-03-04,-0.02308587298716075
2024-03-05,0.007707300303231676
2024-03-06,0.0013255100691484945
2024-03-07,-0.006315910913316514
2024-03-08,0.0016755043896632413
2024-03-11,0.017788611157582304
2024-03-12,-0.01870364303668813
2024-03-13,0.0034027458791377058
2024-03-14,0.011993366673432426
2024-03-15,-0.0027402184605695556
2024-03-18,-0.0006306509303555391
2024-03-19,-0.010735413071196548
2024-03-20,0.014326851002884111
2024-03-21,0.0026366752198235255
2024-03-22,0.003794312435583135
2024-03-25,0.006535673548687823
2024-03-26,-0.002938485032831298
2024-03-27,-0.006713030011789467
2024-03-28,0.006195671458012489
2024-04-01,0.008865257328219302
2024-04-02,-0.0074152269993782854
2024-04-03,0.02286809257846953
2024-04-04,0.006039301336976
2024-04-05,0.010675200010443087
2024-04-08,0.003194314617669032
2024-04-09,0.00752433478540479
2024-04-10,-0.027162719729847823
2024-04-11,-0.008963257845650566
2024-04-12,-0.005201140016366082
2024-04-15,0.002011895343551993
2024-04-16,0.008482175982417739
2024-04-17,0.008885675508126384
2024-04-18,0.002815947340842423
2024-04-19,0.022104918007825797
2024-04-22,0.0017312476700985253
2024-04-23,0.018009986179809187
2024-04-24,0.0020629175699750923
2024-04-25,0.0009111530822523278
2024-04-26,0.01609856989527797
2024-04-29,0.020515803120926143
2024-04-30,0.004613118670033056
2024-05-01,0.0172310477486229
2024-05-02,-0.0118935831818716
2024-05-03,-0.0005443194368313781
2024-05-06,-0.007898228160565164
2024-05-07,0.012794655063126076
2024-05-08,-0.008251928206732845
2024-05-09,0.004402859463711745
2024-05-10,0.003221085112837918
2024-05-13,-0.007961837200491787
2024-05-14,-0.0008190944907312536
2024-05-15,-0.008553030740679049
2024-05-16,0.01564464820428725
2024-05-17,-0.0038206603383931226
2024-05-20,-0.002495569580707484
2024-05-21,-0.011169178790107412
2024-05-22,-0.001428776644267979
2024-05-23,0.010717785686397821
2024-05-24,-0.008403650008460592
2024-05-28,0.0005261642350564018
2024-05-29,0.002892198379339267
2024-05-30,-0.0050085645268227175
2024-05-31,0.030234801119181254
2024-06-03,-0.007052129936331128
2024-06-04,-0.0037571078763379406
2024-06-05,0.0009860388621608235
2024-06-06,0.00517034308835275
2024-06-07,0.007050515530976423
2024-06-10,-0.0041855371087178295
2024-06-11,-0.006495637950020684
2024-06-12,-0.022101875907990745
2024-06-13,0.0016956606435079291
2024-06-14,-0.023790447078606308
2024-06-17,0.005683212118108127
2024-06-18,-0.0020806471358333625
2024-06-20,0.036542362292074304
2024-06-21,0.0018501223072194123
2024-06-24,0.040593258655543904
2024-06-25,-0.013792033578383905
2024-06-26,-0.01413506362130963
2024-06-27,-0.00816969130059872
2024-06-28,0.008389380822176926
2024-07-01,-0.0014145913359167733
2024-07-02,0.003911658219971331
2024-07-03,0.005070777248362858
2024-07-05,-0.0026038454528079097
2024-07-08,0.0032146655999163304
2024-07-09,-0.00021692258929363606
2024-07-10,0.006631486855260424
2024-07-11,0.01659067715306506
2024-07-12,-0.011864117533875285
2024-07-15,-0.004211160781234222
2024-07-16,0.012061283125566799
2024-07-17,0.03367820499369846
2024-07-18,-0.013782303640719485
2024-07-19,-0.008777865752071054
2024-07-22,0.02975572834690976
2024-07-23,0.011060332266640993
2024-07-24,-0.05604205521448259
2024-07-25,-0.02777804643704311
2024-07-26,-0.004588787724709595
2024-07-29,0.0034863945106523714
2024-07-30,-0.0012416579777475428
2024-07-31,0.031476375771855206
2024-08-01,-0.05904629931322185
2024-08-02,-0.015454082811354658
2024-08-05,-0.010408207503867062
2024-08-06,-0.009108807541260977
2024-08-07,0.014580730874552125
2024-08-08,-0.0015629861071349822
2024-08-09,-0.0038331629467571737
2024-08-12,0.00047034416023888914
2024-08-13,0.02707499166032487
2024-08-14,-0.00825355744202698
2024-08-15,0.03434068874520031
2024-08-16,0.002860303755821997
2024-08-19,-0.0025749449074096847
2024-08-20,0.00691019984991377
2024-08-21,-0.004988566802740735
2024-08-22,0.011766484673767468
2024-08-23,-0.010516584802965356
2024-08-26,0.01719991979255732
2024-08-27,-0.005194012349714852
2024-08-28,0.012510555805659393
2024-08-29,0.002356922925860915
2024-08-30,0.017908341597514227
2024-09-03,-0.03170724123628667
2024-09-04,-0.000311038435713229
2024-09-05,0.02392859795352302
2024-09-06,-0.02305582130014283
2024-09-09,0.009577926672643275
2024-09-10,-0.028899309901866038
2024-09-11,0.010923909760150785
2024-09-12,0.0013286551301292804
2024-09-13,0.013455837469578432
2024-09-16,0.007333586212754303
2024-09-17,0.01519908659225927
2024-09-18,0.0005675153517398918
2024-09-19,0.00751974833552925
2024-09-20,-0.007899279466970414
2024-09-23,-0.0031907136108870054
2024-09-24,-0.00361348565584918
2024-09-25,0.00010354885811672543
2024-09-26,-0.00512402923205299
2024-09-27,-0.004677831778841053
2024-09-30,0.006701254995949563
2024-10-01,0.01545860225925448
2024-10-02,-0.0008735274884807687
2024-10-03,-0.0017258831374062505
2024-10-04,-0.013561889904755651
2024-10-07,-0.006027231511696041
2024-10-08,0.01162430100179089
2024-10-09,0.0015840290236699833
2024-10-10,-0.010349268912633519
2024-10-11,-0.0036719181632459395
2024-10-14,-0.0028513096665023357
2024-10-15,0.017344125212632552
2024-10-16,-0.006938487963168483
2024-10-17,-0.006322946777188754
2024-10-18,-0.0034589047538165205
2024-10-21,0.0034811425684343478
2024-10-22,-0.0077087904134129775
2024-10-23,-0.0003905546038917296
2024-10-24,0.0298957502071482
2024-10-25,0.015992399161316145
2024-10-28,0.004828420540819819
2024-10-29,-0.013219611620075164
2024-10-30,-0.005983112001201482
2024-10-31,0.011694258053209464
2024-11-01,-0.006131947041607839
2024-11-04,-0.0033352676782260338
2024-11-05,0.008435565429452535
2024-11-06,0.013571285874351621
2024-11-07,0.012892659491045066
2024-11-08,0.007507246381760523
2024-11-11,-0.03590822936988776
2024-11-12,0.004603843226614765
2024-11-13,-0.001571936828825088
2024-11-14,0.007287984274891968
2024-11-15,-0.00842561810847228
2024-11-18,0.007894465772873588
2024-11-19,-0.007997465350308652
2024-11-20,-0.014717492428492365
2024-11-21,-0.0027137839570146177
2024-11-22,0.0015613389397177862
2024-11-25,0.023598925816348815
2024-11-26,0.001975422278926456
2024-11-27,-0.004215512706114241
2024-11-29,-0.0033472180801961543
2024-12-02,0.0010843052077473979
2024-12-03,-0.0033942521351384147
2024-12-04,0.012507577804117875
2024-12-05,-0.01152732301029008
2024-12-06,-0.0018896275097593368
2024-12-09,-0.015517154497303258
2024-12-10,-0.010370793239959708
2024-12-11,-0.030751246630813814
2024-12-12,0.015059551246752872
2024-12-13,0.0006755902867680436
2024-12-16,-0.029086500358995293
2024-12-17,-0.018284198832320547
2024-12-18,0.01011680317902365
2024-12-19,-0.0006627032751816697
2024-12-20,0.016837349726909104
2024-12-23,0.0010432158297896967
2024-12-24,-0.0013340456553568303
2024-12-26,-0.0007255218705950472
2024-12-27,0.004990249451752873
2024-12-30,0.0017187579449025048
2024-12-31,0.008740295199722041
2025-01-02,-0.008881779478152246
2025-01-03,-0.010118297274031005
2025-01-06,-0.00093090782060605
2025-01-07,-0.003414127057031646
2025-01-08,-0.002590246304284656
2025-01-10,-0.023187442201230105
2025-01-13,-0.007260001176346995
2025-01-14,-0.0027515729898715258
2025-01-15,0.00014750313933478698
2025-01-16,-0.004162599435898874
2025-01-17,-0.004908956791627075
2025-01-21,0.006051000912322066
2025-01-22,0.0315429559476367
2025-01-23,0.00035703175616520755
2025-01-24,-0.005175582225654269
2025-01-27,0.05902049273798937
2025-01-28,-0.014401903129989235
2025-01-29,0.003079677853300433
2025-01-30,-0.006680506238796291
2025-01-31,-0.0010267810798136586
2025-02-03,-0.015278236136261836
2025-02-04,-0.002212838794006286
2025-02-05,0.0028485442311863285
2025-02-06,0.0110037474423402
2025-02-07,-0.0025113589156162534
2025-02-10,-0.0017067424421718241
2025-02-11,-0.002044289267983612
2025-02-12,0.003323935843351486
2025-02-13,0.00905482698212938
2025-02-14,-0.020299059249724388
2025-02-18,-0.020788839260793807
2025-02-19,0.012991795038423001
2025-02-20,-0.0091123125548086
2025-02-21,-0.004978244657249498
2025-02-24,0.0021244483666248855
2025-02-25,0.0016169223542441408
2025-02-26,0.008030458528429582
2025-02-27,-0.009537716734904098
2025-02-28,0.0021996888302815987
2025-03-03,-0.021909383791127224
2025-03-04,0.01623850571207759
2025-03-05,-0.003824177613376112
2025-03-06,-0.012805224536503651
2025-03-07,0.017256245844895227
2025-03-10,-0.044352496018062945
2025-03-11,0.021506074526364494
2025-03-12,0.0349938295563607
2025-03-13,0.0314126697844498
2025-03-14,0.014502673708008909
2025-03-17,-0.005526475647029723
2025-03-18,-0.003428931863715498
2025-03-19,-0.00515468715628295
2025-03-20,-0.0016660826090764136
2025-03-21,-0.00409384066427089
2025-03-24,0.004916798132654167
2025-03-25,-0.0010990523808186575
2025-03-26,-0.0061737777430523055
2025-03-27,0.0005028820992103306
2025-03-28,-0.003315342099356744
2025-03-31,-0.0077394992854883365
2025-04-01,-0.011525854621055862
2025-04-02,0.0060999946337815525
2025-04-03,-0.018079848867198975
2025-04-04,-0.014364253818864886
2025-04-07,0.01952243999419588
2025-04-08,-0.013429490366611535
2025-04-09,0.07547139978734754
2025-04-10,-0.05829385261773472
2025-04-11,-0.003109456237537514
2025-04-14,-0.0004800489659745875
2025-04-15,-0.003063703535028481
2025-04-16,0.004233208839573566
2025-04-17,0.03761235619443461
2025-04-21,0.009015124484690162
2025-04-22,-0.008857864126823335
2025-04-23,0.016496722895255903
2025-04-24,0.011342002584700223
2025-04-25,0.021621478377255476
2025-04-28,-0.007380490943573376
2025-04-29,-0.005490096116693778
2025-04-30,0.007992143954627329
2025-05-01,-0.021646918626019238
2025-05-02,-0.01638619598737788
2025-05-05,0.00676013789721687
2025-05-06,0.00375644280648202
2025-05-07,-0.0074379358932168405
2025-05-08,0.0023962227008115095
2025-05-09,0.010190612827311707
2025-05-12,-0.007924095457617464
2025-05-13,-0.0377253472615694
2025-05-14,-0.014654496685282958
2025-05-15,0.005665309531067919
2025-05-16,0.009861164737706124
2025-05-19,0.017320337970217578
2025-05-20,0.003972205916210449
2025-05-21,-0.014316265045434623
2025-05-22,-0.004923530393978165
2025-05-23,-0.0006468173448489212
2025-05-27,-0.01855948051473212
2025-05-28,-0.0045006672186675
2025-05-29,-0.0026023601125674395
2025-05-30,-0.009495965664024997
2025-06-02,0.007270212558007194
2025-06-03,0.011868572909434619
2025-06-04,-0.005719505979326743
2025-06-05,-0.014706665819115186
2025-06-06,0.0032561608840112194
2025-06-09,0.0021613845934691234
2025-06-10,0.0170925200622125
2025-06-11,-0.0039766883771986655
2025-06-12,-0.02420331827381557
2025-06-13,-0.007197038838048536
2025-06-16,-0.008938966934113945
2025-06-17,-0.003619612392616392
2025-06-18,-0.0029460338279109198
2025-06-20,0.007384782079271693
2025-06-23,0.0163522322865106
2025-06-24,0.008515580315522048
2025-06-25,0.0048309363513881765
2025-06-26,-0.010242485333489313
2025-06-27,0.013537030164018013
2025-06-30,-0.013484518165790785
2025-07-01,0.01685582949491818
2025-07-02,0.0019966956089698534
2025-07-03,-0.010446109595532367
2025-07-07,0.000475499604057919
2025-07-08,0.0029477759621651944
2025-07-09,-0.008900611407497636
2025-07-10,-0.007951675563116198
2025-07-11,-0.003934001386266635
2025-07-14,0.0050976424538655
2025-07-15,-0.015876385225018427
2025-07-16,-0.0021689387720548875
2025-07-17,-0.002039695202049982
2025-07-18,0.004218766086461241
2025-07-21,0.006966526074033266
2025-07-22,0.009451620849495329
2025-07-23,0.004258364313327767
2025-07-24,-0.009561515233650314
2025-07-25,-0.017553861483256494
2025-07-28,0.007725961799900427
2025-07-29,-0.007936533769541107
2025-07-30,0.004585444333207317
2025-07-31,0.0028525364976135364
2025-08-01,-0.010840941168340888
2025-08-04,-0.02053779634257398
2025-08-05,0.023841065382920287
2025-08-06,-0.014691050210035153
2025-08-07,0.01085263733214327
2025-08-08,0.0004371793722745697
2025-08-11,-0.013380297467563446
2025-08-12,0.0029624567644302435
2025-08-13,-0.0013858988500098923
2025-08-14,0.008956243970144745
2025-08-15,-0.0038410978618886858
2025-08-18,0.0031976825987242025
2025-08-19,-0.0073544463557235346
2025-08-20,0.018531962320293457
2025-08-21,-0.0063114940682009735
2025-08-22,-0.018620565702228142
2025-08-25,0.00974831880480767
2025-08-26,0.016713896647244278
2025-08-27,-0.005940953655345527
2025-08-28,0.008014107751577501
2025-08-29,-0.031270459669580225
2025-09-02,0.015732413371541007
2025-09-03,-0.009222446575387011
2025-09-04,-0.017176362705151632
2025-09-05,0.007207300870589878
2025-09-08,-0.010554105558712097
2025-09-09,-0.0009519728724517035
2025-09-10,0.06731737544097026
2025-09-11,-0.026857498826690182
2025-09-12,-0.012982838576720265
2025-09-15,-0.004728740279978825
2025-09-16,-0.002385237682002439
2025-09-17,0.006786386862556601
2025-09-18,-0.0018599127092367995
2025-09-19,-0.005663143265609807
2025-09-22,-0.01639413177937034
2025-09-23,0.007495962060622252
2025-09-24,0.0005075918571308818
2025-09-25,-0.011558539071369181
2025-09-26,-0.0036004322804500805
2025-09-29,0.0030575195462575764
2025-09-30,0.009794315323796474
2025-10-01,-0.00309561279779344
2025-10-02,0.004735436356546913
2025-10-03,-0.005696179489313294
2025-10-06,-0.012546568093475303
2025-10-07,0.0038040862121617863
2025-10-08,-0.008340082600935814
2025-10-09,-0.0020490536163600553
2025-10-10,-0.0021167640443503916
2025-10-13,-0.00012521481744330468
2025-10-14,0.0011176466201443386
2025-10-15,0.0009727878664424483
2025-10-16,-0.009011584795638392
2025-10-17,0.008848312240961012
2025-10-20,0.005302383358729514
2025-10-21,0.014521957730358706
2025-10-22,-0.014780311462042464
2025-10-23,-0.0023592649021037804
2025-10-24,0.0031968208338239296
2025-10-27,-0.01981374667285625
2025-10-28,-0.005247271000749579
2025-10-29,0.0041164449622527605
2025-10-30,-0.007415134401889428
2025-10-31,-0.003041886314122763
2025-11-03,-0.007447583047988772
2025-11-04,0.023690516307311102
2025-11-05,-0.01749137193158752
2025-11-06,0.006919217551819679
2025-11-07,0.004723463179475251
2025-11-10,-0.022373214212910816
2025-11-11,-0.025163339942799373
2025-11-12,-0.007883345494521687
2025-11-13,-0.023439393940664813
2025-11-14,0.007531688041317985
2025-11-17,-0.013871753625057923
2025-11-18,-0.024733130146312746
2025-11-19,0.018351627018837108
2025-11-20,-0.012696633321379588
2025-11-21,-0.004527453441249954
2025-11-24,0.005908849489434627
2025-11-25,-0.021431221025858774
2025-11-26,0.01177536607890059
2025-11-28,0.004056949608925262
2025-12-01,0.008370446732092626
2025-12-02,0.021783597875872987
2025-12-03,-0.008023751482738664
2025-12-04,0.006931896780338148
2025-12-05,-0.01128124442386505
2025-12-08,0.0108300668186265
2025-12-09,0.0014487202907798326
2025-12-10,-0.00926055445374957
2025-12-11,0.005766091040123836
2025-12-12,0.01623267890173867
2025-12-15,0.0059661700172578686
2025-12-16,-0.00759197245690729
2025-12-17,-0.010580078731518366
2025-12-18,0.006157981835251042
2025-12-19,0.018664791101955056
2025-12-22,0.0019712342933255605
2025-12-23,0.007967582426268898
2025-12-24,-0.0006454995116584872
2025-12-26,0.006190205778585783
2025-12-29,0.007280385883157825
2025-12-30,0.0020036953739110547
2025-12-31,-0.00016569485480588545
2026-01-02,-0.013804180167281715
2026-01-05,-0.010454648252222462
2026-01-06,0.010489706058259884
2026-01-07,-0.017135300218903887
2026-01-08,-0.004311483119608452
2026-01-09,-0.019604310827238902
2026-01-12,0.005667839884964318
2026-01-13,-0.006658123596480034
2026-01-14,-0.003805821583877683
2026-01-15,-0.009764006559660863
2026-01-16,-0.002752584369544467
2026-01-20,-0.0164515081922562
2026-01-21,-0.02895589657291993
2026-01-22,0.024322643851993897
2026-01-23,0.018450964514537857
2026-01-26,0.017070124417367938
2026-01-27,0.01595750717848221
2026-01-28,-0.02544522694364236
2026-01-29,-0.0115623689089535
2026-01-30,0.00047955157560855685
2026-02-02,-0.006064750372414149
2026-02-03,-0.019783564639042572
2026-02-04,-0.0031463978840609724
2026-02-05,-0.03666162047421516
2026-02-06,0.0049684959637646695
2026-02-09,0.03665187035585349
2026-02-10,0.0005338983938444758
2026-02-11,-0.01689382503535644
2026-02-12,0.006400705879425747
2026-02-13,0.005746006050657006
2026-02-17,0.022474578053431435
2026-02-18,0.01352988205465927
2026-02-19,-0.010734821164158442
2026-02-20,0.023737467963037148
2026-02-23,-0.02913383668235095
2026-02-24,0.0038970341464488467
2026-02-25,-0.025754827341310987
2026-02-26,-0.0038893813744464156
2026-02-27,-0.0015025456907914736
2026-03-02,-0.01006178455494784
2026-03-03,0.00825647536650699
2026-03-04,0.004538958021881867
2026-03-05,-0.011368063141654866
2026-03-06,-0.010513447115296087
2026-03-09,-0.004350617756977841
2026-03-10,0.026709552868384792
2026-03-11,-0.0207119094746699
2026-03-12,-0.027733895845730744
2026-03-13,0.01469811275741817
2026-03-16,-0.0009867438597910131
2026-03-17,0.00627836186926832
2026-03-18,-0.01166971879772688
2026-03-19,-0.015916803557937523
2026-03-20,0.004201678487329719
2026-03-23,0.0017673846678819423
2026-03-24,-0.0024968010329136647
2026-03-25,0.009353097953359396
2026-03-26,-0.01677623414481451
2026-03-27,-0.0012887128951988153
2026-03-30,-0.004010507424749064
2026-03-31,0.03261866877353946
2026-04-01,0.01903320682875799
2026-04-02,0.000313588352611624
2026-04-06,-0.006213790373526928
2026-04-07,0.01250291645172383
2026-04-08,-0.05288853474511322
2026-04-09,-0.021226681968824657
2026-04-10,-0.009430681267999938
2026-04-13,-0.009489477000733756
2026-04-14,-0.018265461645764536
2026-04-15,0.007905831344114628
2026-04-16,0.010483720736110258
2026-04-17,-0.025374990617585497
2026-04-20,0.01224393891457648
2026-04-21,0.004144242613513859
2026-04-22,-0.011895613863646029
2026-04-23,0.027246640117796442
2026-04-24,-0.020574475759594132
2026-04-27,-0.004120585701442955
2026-04-28,0.01865262779265986
2026-04-29,-0.0391549517276845
2026-04-30,-0.014458687459410244
2026-05-01,-0.006960323271038557
2026-05-04,-0.006377303083422048
2026-05-05,-0.023169339089825006
2026-05-06,0.017676107378700123
2026-05-07,-0.005151287289014733
2026-05-08,-0.03324243984014051
2026-05-11,-0.02178999218536949
2026-05-12,0.01877950211072138
2026-05-13,-0.027911873410929003
2026-05-14,-0.003088362743357831
2026-05-15,0.04242618597961606
2026-05-18,0.0274712046731935
2026-05-19,0.016446031329296895
2026-05-20,0.05590488046743243
2026-05-21,0.016100805374779786
2026-05-22,0.01989447850484033
2026-05-26,0.03874557061138639
2026-05-27,0.0004035618131249131
2026-05-28,-0.004060693467159204
2026-05-29,-0.007480296540314221
2026-06-01,0.04034332014822557
2026-06-02,-0.027869166752026636
2026-06-03,0.00019363199929312166
2026-06-04,-0.008320450610542193
2026-06-05,0.007104893189639527
2026-06-08,0.021996014143017564
2026-06-09,0.008963255619285113
2026-06-10,0.0018309401608802307
2026-06-11,-0.018570408443714978
2026-06-12,-0.014489601296490712
2026-06-15,0.021702298592595134
2026-06-16,-0.019759351979348957
2026-06-17,-0.01798480459832784
2026-06-18,-0.031921574764015956
2026-06-22,-0.020432039536279617
2026-06-23,0.02555282917047641
2026-06-24,-0.02236345985278132
2026-06-25,-0.011660477012243512
2026-06-26,0.004010682472616545
2026-06-29,0.005261549690154146
2026-06-30,-0.010768110987553717
2026-07-01,0.04097082858537007
2026-07-02,-0.020422578224884275
2026-07-06,0.007158974361944334
2026-07-07,-0.027869315178024753
2026-07-08,0.009545567014283024
2026-07-09,0.011502948131825896
2026-07-10,-0.009718772507514196
2026-07-13,-0.02263733993774697
2026-07-14,-0.0031870189615723216
2026-07-15,-0.007146933218955445
2026-07-16,0.0021888543589036608
2026-07-17,-0.014947097569495109
2026-07-20,-0.0135742579477654
2026-07-21,0.025682800931324093
2026-07-22,0.009128727692212082
2026-07-23,-0.0011343680093738318
2026-07-24,-0.03218872331775516
2026-07-27,0.024702768758780372
2026-07-28,0.029615312638597166
2026-07-29,0.011616499547179027
2026-07-30,-0.035043965501443744
2026-07-31,0.006857514160056978
2026-08-03,-0.008870775511731946
2026-08-04,0.02303747194914911
2026-08-05,-0.003780805148682967
2026-08-06,-0.00033634564568438274
2026-08-07,-0.0003967000559425406
2026-08-10,0.017422184611915248
2026-08-11,0.012886404689474579
2026-08-12,-0.0036334188474885787
2026-08-13,-0.013988243877709736
2026-08-14,0.011710287170105431
2026-08-17,0.006586207340413208
2026-08-18,-0.00020324621240491725
2026-08-19,-0.0294410404864823
2026-08-20,-0.013567241096477473
2026-08-21,-0.008714924631055177
2026-08-24,-0.0015239411797920294
2026-08-25,0.0004945420029341119
2026-08-26,0.01745960915387816
2026-08-27,0.015921123737452553
2026-08-28,-0.00793442975616891
2026-08-31,0.0047862723450744354
2026-09-01,0.01543145337278315
2026-09-02,-0.003966881611130499
2026-09-03,-0.02981031357686248
2026-09-04,0.002235184792998031
2026-09-08,-0.0006995217466206904
2026-09-09,-0.014348789813449808
2026-09-10,-0.008407946309750391
2026-09-11,0.01279054285972095
2026-09-14,-0.017584068739841363
